{"cameraMode":{"drawMode":0,"name":"Shaded","section":"Shading Mode"},"sceneLighting":false,"audioPlay":false,"sceneViewState":{"showFog":true,"showMaterialUpdate":true,"showSkybox":false,"showFlares":true,"showImageEffects":true,"showParticleSystems":true},"in2DMode":false,"pivot":{"x":3.4023306369781496,"y":0.3095819354057312,"z":-7.068429470062256},"rotation":{"x":-0.17830154299736024,"y":-0.7468901872634888,"z":0.22149288654327393,"w":-0.6011461019515991},"size":1.9416587352752686,"orthographic":false}