{"cameraMode":{"drawMode":0,"name":"Shaded","section":"Shading Mode"},"sceneLighting":false,"audioPlay":false,"sceneViewState":{"showFog":true,"showMaterialUpdate":true,"showSkybox":false,"showFlares":true,"showImageEffects":true,"showParticleSystems":true},"in2DMode":false,"pivot":{"x":20.73779296875,"y":1.4610991477966309,"z":7.584176063537598},"rotation":{"x":-0.13220542669296266,"y":0.7974284291267395,"z":-0.18907742202281953,"w":-0.5575752258300781},"size":1.168147087097168,"orthographic":false}