{"cameraMode":{"drawMode":0,"name":"Shaded","section":"Shading Mode"},"sceneLighting":false,"audioPlay":false,"sceneViewState":{"showFog":true,"showMaterialUpdate":true,"showSkybox":false,"showFlares":true,"showImageEffects":true,"showParticleSystems":true},"in2DMode":false,"pivot":{"x":21.310096740722658,"y":1.3630179166793824,"z":7.367888450622559},"rotation":{"x":0.10124488919973374,"y":0.7398570775985718,"z":-0.11432402580976486,"w":0.6552144885063171},"size":1.4898521900177003,"orthographic":false}