{"cameraMode":{"drawMode":0,"name":"Shaded","section":"Shading Mode"},"sceneLighting":false,"audioPlay":false,"sceneViewState":{"showFog":true,"showMaterialUpdate":true,"showSkybox":false,"showFlares":true,"showImageEffects":true,"showParticleSystems":true},"in2DMode":false,"pivot":{"x":20.379894256591798,"y":1.8196806907653809,"z":8.1263427734375},"rotation":{"x":-0.1284124106168747,"y":-0.8382695317268372,"z":0.22417454421520234,"w":-0.48019206523895266},"size":0.19934779405593873,"orthographic":false}