{"cameraMode":{"drawMode":0,"name":"Shaded","section":"Shading Mode"},"sceneLighting":true,"audioPlay":false,"sceneViewState":{"showFog":true,"showMaterialUpdate":true,"showSkybox":true,"showFlares":true,"showImageEffects":true,"showParticleSystems":true},"in2DMode":false,"pivot":{"x":12.707087516784668,"y":3.208840847015381,"z":-9.231133460998536},"rotation":{"x":0.20804673433303834,"y":-0.2000163346529007,"z":0.04454920068383217,"w":0.9564307928085327},"size":37.79854965209961,"orthographic":false}