{"cameraMode":{"drawMode":0,"name":"Shaded","section":"Shading Mode"},"sceneLighting":false,"audioPlay":false,"sceneViewState":{"showFog":true,"showMaterialUpdate":true,"showSkybox":false,"showFlares":true,"showImageEffects":true,"showParticleSystems":true},"in2DMode":false,"pivot":{"x":18.58924674987793,"y":1.2564500570297242,"z":6.3720598220825199},"rotation":{"x":-0.12697650492191316,"y":-0.40870213508605959,"z":0.057003434747457507,"w":-0.9020447134971619},"size":1.7308638095855713,"orthographic":false}