{"cameraMode":{"drawMode":0,"name":"Shaded","section":"Shading Mode"},"sceneLighting":false,"audioPlay":false,"sceneViewState":{"showFog":true,"showMaterialUpdate":true,"showSkybox":false,"showFlares":true,"showImageEffects":true,"showParticleSystems":true},"in2DMode":false,"pivot":{"x":-0.0063768476247787479,"y":-0.09056210517883301,"z":0.08436436951160431},"rotation":{"x":0.6092626452445984,"y":-0.2787016034126282,"z":0.2419353425502777,"w":0.7018497586250305},"size":6.662714958190918,"orthographic":false}