{"cameraMode":{"drawMode":0,"name":"Shaded","section":"Shading Mode"},"sceneLighting":false,"audioPlay":false,"sceneViewState":{"showFog":true,"showMaterialUpdate":true,"showSkybox":false,"showFlares":true,"showImageEffects":true,"showParticleSystems":true},"in2DMode":false,"pivot":{"x":16.252994537353517,"y":0.3227371871471405,"z":7.058778285980225},"rotation":{"x":0.49272945523262026,"y":-0.05051262304186821,"z":0.028322575613856317,"w":0.8682722449302673},"size":1.8568289279937745,"orthographic":false}