{"cameraMode":{"drawMode":0,"name":"Shaded","section":"Shading Mode"},"sceneLighting":false,"audioPlay":false,"sceneViewState":{"showFog":true,"showMaterialUpdate":true,"showSkybox":false,"showFlares":true,"showImageEffects":true,"showParticleSystems":true},"in2DMode":false,"pivot":{"x":18.921892166137697,"y":0.9616400599479675,"z":6.85626220703125},"rotation":{"x":-0.00938453059643507,"y":-0.7501609325408936,"z":0.009898779913783074,"w":-0.6611878275871277},"size":2.611004590988159,"orthographic":false}