{"cameraMode":{"drawMode":0,"name":"Shaded","section":"Shading Mode"},"sceneLighting":false,"audioPlay":false,"sceneViewState":{"showFog":true,"showMaterialUpdate":true,"showSkybox":false,"showFlares":true,"showImageEffects":true,"showParticleSystems":true},"in2DMode":false,"pivot":{"x":-1.119437336921692,"y":0.9736560583114624,"z":-4.414013385772705},"rotation":{"x":-0.12018986791372299,"y":0.7204205393791199,"z":-0.1290936917066574,"w":-0.6707369685173035},"size":5.044497966766357,"orthographic":false}