{"cameraMode":{"drawMode":0,"name":"Shaded","section":"Shading Mode"},"sceneLighting":false,"audioPlay":false,"sceneViewState":{"showFog":true,"showMaterialUpdate":true,"showSkybox":false,"showFlares":true,"showImageEffects":true,"showParticleSystems":true},"in2DMode":false,"pivot":{"x":20.724746704101564,"y":1.5730839967727662,"z":8.146343231201172},"rotation":{"x":-0.0898703783750534,"y":-0.8611215949058533,"z":0.1636577695608139,"w":-0.47290387749671938},"size":0.44444406032562258,"orthographic":false}